{"cameraMode":{"drawMode":0,"name":"Shaded","section":"Shading Mode"},"sceneLighting":false,"audioPlay":false,"sceneViewState":{"showFog":true,"showMaterialUpdate":false,"showSkybox":false,"showFlares":true,"showImageEffects":true,"showParticleSystems":true},"in2DMode":false,"pivot":{"x":0.34228515625,"y":-1.75732421875,"z":2.52587890625},"rotation":{"x":0.6475633978843689,"y":0.11908434331417084,"z":0.7455108761787415,"w":-0.1034407764673233},"size":4.248347759246826,"orthographic":true}