{"cameraMode":{"drawMode":0,"name":"Shaded","section":"Shading Mode"},"sceneLighting":true,"audioPlay":false,"sceneViewState":{"showFog":true,"showMaterialUpdate":false,"showSkybox":true,"showFlares":true,"showImageEffects":true,"showParticleSystems":true},"in2DMode":false,"pivot":{"x":84.55175018310547,"y":15.847419738769532,"z":13.930261611938477},"rotation":{"x":-0.07608827203512192,"y":-0.910833477973938,"z":0.1957346796989441,"w":-0.35645344853401186},"size":86.44901275634766,"orthographic":false}