{"cameraMode":{"drawMode":0,"name":"Shaded","section":"Shading Mode"},"sceneLighting":true,"audioPlay":false,"sceneViewState":{"showFog":true,"showMaterialUpdate":false,"showSkybox":true,"showFlares":true,"showImageEffects":true,"showParticleSystems":true},"in2DMode":false,"pivot":{"x":225.16915893554688,"y":-297.0917663574219,"z":-375.6558837890625},"rotation":{"x":0.0644560307264328,"y":0.925031840801239,"z":-0.327848345041275,"w":0.18355657160282136},"size":359.0527038574219,"orthographic":false}