{"cameraMode":{"drawMode":0,"name":"Shaded","section":"Shading Mode"},"sceneLighting":true,"audioPlay":false,"sceneViewState":{"showFog":true,"showMaterialUpdate":false,"showSkybox":true,"showFlares":true,"showImageEffects":true,"showParticleSystems":true},"in2DMode":false,"pivot":{"x":91.372314453125,"y":-59.8787956237793,"z":139.4468536376953},"rotation":{"x":-0.32592839002609255,"y":-0.04737040400505066,"z":0.016271602362394334,"w":-0.9441336393356323},"size":82.15021514892578,"orthographic":false}