{"cameraMode":{"drawMode":0,"name":"Shaded","section":"Shading Mode"},"sceneLighting":false,"audioPlay":false,"sceneViewState":{"showFog":true,"showMaterialUpdate":false,"showSkybox":false,"showFlares":true,"showImageEffects":true,"showParticleSystems":true},"in2DMode":false,"pivot":{"x":0.8480373024940491,"y":-0.12206029891967774,"z":-1.7785425186157227},"rotation":{"x":-0.0020441035740077497,"y":0.9950313568115234,"z":0.02089873142540455,"w":0.09732414036989212},"size":4.468499660491943,"orthographic":true}