{"cameraMode":{"drawMode":0,"name":"Shaded","section":"Shading Mode"},"sceneLighting":false,"audioPlay":false,"sceneViewState":{"showFog":true,"showMaterialUpdate":false,"showSkybox":false,"showFlares":true,"showImageEffects":true,"showParticleSystems":true},"in2DMode":false,"pivot":{"x":1.033203125,"y":-2.7593994140625,"z":1.28466796875},"rotation":{"x":-0.9882326722145081,"y":-0.010188804008066655,"z":-0.13242237269878388,"w":0.07604244351387024},"size":10.73173999786377,"orthographic":true}