{"cameraMode":{"drawMode":0,"name":"Shaded","section":"Shading Mode"},"sceneLighting":false,"audioPlay":false,"sceneViewState":{"showFog":true,"showMaterialUpdate":false,"showSkybox":false,"showFlares":true,"showImageEffects":true,"showParticleSystems":true},"in2DMode":false,"pivot":{"x":95.50233459472656,"y":-2.702730417251587,"z":55.54219436645508},"rotation":{"x":-0.8231584429740906,"y":0.0532362163066864,"z":0.559889554977417,"w":0.07826635986566544},"size":4.4648213386535648,"orthographic":true}