{"cameraMode":{"drawMode":0,"name":"Shaded","section":"Shading Mode"},"sceneLighting":false,"audioPlay":false,"sceneViewState":{"showFog":true,"showMaterialUpdate":false,"showSkybox":false,"showFlares":true,"showImageEffects":true,"showParticleSystems":true},"in2DMode":false,"pivot":{"x":1.339111328125,"y":-0.648681640625,"z":-0.9951171875},"rotation":{"x":-0.16658176481723786,"y":0.6484614610671997,"z":-0.14841657876968385,"w":-0.7278261780738831},"size":3.7442123889923097,"orthographic":true}