{"cameraMode":{"drawMode":0,"name":"Shaded","section":"Shading Mode"},"sceneLighting":true,"audioPlay":false,"sceneViewState":{"showFog":true,"showMaterialUpdate":false,"showSkybox":true,"showFlares":true,"showImageEffects":true,"showParticleSystems":true},"in2DMode":false,"pivot":{"x":126.51278686523438,"y":-15.82652759552002,"z":76.27438354492188},"rotation":{"x":-0.1998877227306366,"y":-0.24457602202892304,"z":0.05151567608118057,"w":-0.9474692344665527},"size":82.15021514892578,"orthographic":false}