{"cameraMode":{"drawMode":0,"name":"Shaded","section":"Shading Mode"},"sceneLighting":true,"audioPlay":false,"sceneViewState":{"showFog":true,"showMaterialUpdate":false,"showSkybox":true,"showFlares":true,"showImageEffects":true,"showParticleSystems":true},"in2DMode":false,"pivot":{"x":251.3671875,"y":64.5562973022461,"z":56.1085205078125},"rotation":{"x":5.570519334696655e-8,"y":0.14647121727466584,"z":1.6827707005617754e-9,"w":0.9892160296440125},"size":306.8487243652344,"orthographic":false}