{"cameraMode":{"drawMode":0,"name":"Shaded","section":"Shading Mode"},"sceneLighting":true,"audioPlay":false,"sceneViewState":{"showFog":true,"showMaterialUpdate":false,"showSkybox":true,"showFlares":true,"showImageEffects":true,"showParticleSystems":true},"in2DMode":false,"pivot":{"x":-491.2803649902344,"y":-1472.6767578125,"z":-1252.1689453125},"rotation":{"x":-0.08023908734321594,"y":0.9018169641494751,"z":-0.3795676827430725,"w":-0.19050352275371552},"size":1079.6734619140625,"orthographic":false}