{"cameraMode":{"drawMode":0,"name":"Shaded","section":"Shading Mode"},"sceneLighting":false,"audioPlay":false,"sceneViewState":{"showFog":true,"showMaterialUpdate":false,"showSkybox":false,"showFlares":true,"showImageEffects":true,"showParticleSystems":true},"in2DMode":false,"pivot":{"x":216.43026733398438,"y":6.687231540679932,"z":82.2339096069336},"rotation":{"x":0.00128662190400064,"y":0.9968286156654358,"z":-0.07791073620319367,"w":0.01644877903163433},"size":20.540849685668947,"orthographic":true}