{"cameraMode":{"drawMode":0,"name":"Shaded","section":"Shading Mode"},"sceneLighting":false,"audioPlay":false,"sceneViewState":{"showFog":true,"showMaterialUpdate":false,"showSkybox":false,"showFlares":true,"showImageEffects":true,"showParticleSystems":true},"in2DMode":false,"pivot":{"x":184.44190979003907,"y":109.27812194824219,"z":-95.34141540527344},"rotation":{"x":0.00128662190400064,"y":0.9968286156654358,"z":-0.07791073620319367,"w":0.01644877903163433},"size":25.84954071044922,"orthographic":true}