{"cameraMode":{"drawMode":0,"name":"Shaded","section":"Shading Mode"},"sceneLighting":true,"audioPlay":false,"sceneViewState":{"showFog":true,"showMaterialUpdate":false,"showSkybox":true,"showFlares":true,"showImageEffects":true,"showParticleSystems":true},"in2DMode":false,"pivot":{"x":128.18994140625,"y":69.0909423828125,"z":-495.205078125},"rotation":{"x":-0.09736362844705582,"y":0.215596005320549,"z":-0.021608786657452585,"w":-0.9713819026947022},"size":461.72662353515627,"orthographic":true}