{"cameraMode":{"drawMode":0,"name":"Shaded","section":"Shading Mode"},"sceneLighting":false,"audioPlay":false,"sceneViewState":{"showFog":true,"showMaterialUpdate":false,"showSkybox":false,"showFlares":true,"showImageEffects":true,"showParticleSystems":true},"in2DMode":false,"pivot":{"x":95.45037078857422,"y":-2.202730417251587,"z":54.56864547729492},"rotation":{"x":0.0020148600451648237,"y":0.5421546101570129,"z":-0.0013001314364373685,"w":0.8402767777442932},"size":31.013629913330079,"orthographic":true}